time,temperature,apparentTemperature,dewPoint,humidity,pressure,windSpeed,windBearing,cloudCover,uvIndex,visibility
1262304000,73.45,75.07,72.69,0.97,1010.3,6.72,71.0,0.5,0.0,
1262390400,71.67,72.95,69.81,0.9400000000000001,1011.0,2.29,41.0,0.44,0.0,4.974
1262476800,75.25,76.89,73.39,0.9400000000000001,1011.6,1.16,30.0,0.75,0.0,4.346
1262563200,75.25,76.64,71.61,0.88,1010.9,3.46,71.0,0.75,0.0,6.216
1262649600,75.25,76.89,73.39,0.9400000000000001,1010.1,6.91,120.0,0.44,0.0,6.216
1262736000,73.45,74.65,69.81,0.88,1010.7,6.91,110.0,0.44,0.0,6.216
1262822400,71.67,72.95,69.81,0.9400000000000001,1012.8,2.29,60.0,0.44,0.0,6.216
1262908800,71.67,73.23,71.61,1.0,1013.2,4.61,60.0,0.19,0.0,6.216
1262995200,73.45,75.18,73.39,1.0,1012.3,0.0,,0.75,0.0,5.591
1263081600,75.25,76.64,71.61,0.88,1012.3,2.29,80.0,0.44,0.0,6.216
1263168000,73.45,74.91,71.61,0.9400000000000001,1012.6,3.46,90.0,0.19,0.0,6.216
1263254400,73.45,75.18,73.39,1.0,1013.5,4.61,80.0,0.44,0.0,6.216
1263340800,69.87,71.25,69.81,1.0,1015.0,3.46,11.0,0.44,0.0,6.216
1263427200,66.27,67.0,64.4,0.9400000000000001,1016.8,3.46,0.0,0.44,0.0,6.216
1263513600,66.27,67.29,66.21,1.0,1016.1,3.46,320.0,0.44,0.0,3.73
1263600000,69.87,70.21,62.59,0.78,1015.6,5.74,11.0,0.75,0.0,6.216
1263686400,69.87,70.45,64.4,0.8300000000000001,1015.6,6.72,,0.44,0.0,6.216
1263772800,69.87,70.7,66.21,0.88,1014.1,2.29,300.0,0.75,0.0,6.216
1263859200,73.45,74.65,69.81,0.88,1012.0,4.61,350.0,0.75,0.0,6.216
1263945600,69.87,71.25,69.81,1.0,1008.8,11.51,330.0,0.75,0.0,2.175
1264032000,73.45,75.18,73.39,1.0,1013.0,8.96,101.0,0.75,0.0,4.974
1264118400,75.25,77.17,75.19,1.0,1013.6,5.74,101.0,0.19,0.0,6.216
1264204800,75.25,76.89,73.39,0.9400000000000001,1013.8,4.61,80.0,0.19,0.0,6.216
1264291200,73.45,75.18,73.39,1.0,1014.0,2.29,30.0,0.44,0.0,5.591
1264377600,73.45,75.18,73.39,1.0,1013.0,4.61,80.0,0.44,0.0,3.108
1264464000,73.45,75.18,73.39,1.0,1013.5,4.61,0.0,0.75,0.0,6.216
1264550400,73.45,75.18,73.39,1.0,1013.9,1.16,30.0,0.44,0.0,4.974
1264636800,71.67,72.95,69.81,0.9400000000000001,1013.4,2.29,41.0,0.44,0.0,4.346
1264723200,71.67,72.95,69.81,0.9400000000000001,1013.5,2.24,71.0,0.44,0.0,6.216
1264809600,73.45,74.65,69.81,0.88,1013.0,5.74,110.0,0.19,0.0,6.216
1264896000,73.45,74.91,71.61,0.9400000000000001,1013.9,4.61,90.0,0.19,0.0,6.216
1264982400,71.67,73.23,71.61,1.0,1013.7,2.29,140.0,0.44,0.0,6.216
1265068800,75.25,76.89,73.39,0.9400000000000001,1012.0,5.74,120.0,0.19,0.0,6.216
1265155200,75.25,76.89,73.39,0.9400000000000001,1012.4,4.61,120.0,0.19,0.0,6.216
1265241600,75.81,77.28,72.33,0.89,1013.0,20.12,110.0,,,
1265328000,73.45,74.91,71.61,0.9400000000000001,1012.6,6.72,,0.19,0.0,6.216
1265414400,75.25,76.89,73.39,0.9400000000000001,1013.3,8.05,120.0,0.19,0.0,6.216
1265500800,73.45,75.18,73.39,1.0,1013.7,5.74,71.0,0.19,0.0,6.216
1265587200,75.25,76.64,71.61,0.88,1012.8,5.74,101.0,0.19,0.0,6.216
1265673600,75.25,76.15,68.0,0.78,1012.6,4.61,110.0,0.19,0.0,6.216
1265760000,75.25,76.64,71.61,0.88,1012.2,8.05,120.0,0.19,0.0,6.216
1265846400,71.67,73.23,71.61,1.0,1013.6,4.61,11.0,0.19,0.0,3.73
1265932800,76.0,77.82,74.87,0.96,1014.7,5.74,131.0,0.44,0.0,10.0
1266019200,75.25,76.89,73.39,0.9400000000000001,1013.0,4.61,60.0,0.44,0.0,6.216
1266105600,77.06,77.72,66.21,0.6900000000000001,1011.3,6.91,110.0,0.44,0.0,6.216
1266192000,75.25,76.64,71.61,0.88,1012.3,8.05,110.0,0.44,0.0,6.216
1266278400,75.25,76.39,69.81,0.8300000000000001,1012.6,4.61,80.0,0.19,0.0,6.216
1266364800,75.25,76.39,69.81,0.8300000000000001,1012.8,5.74,90.0,0.19,0.0,6.216
1266451200,73.45,75.18,73.39,1.0,1014.2,6.91,30.0,0.44,0.0,6.216
1266537600,73.45,75.18,73.39,1.0,1013.9,4.61,0.0,0.19,0.0,6.216
1266624000,75.25,76.64,71.61,0.88,1013.8,4.61,11.0,0.44,0.0,6.216
1266710400,77.06,78.38,71.61,0.8300000000000001,1013.1,6.91,120.0,0.44,0.0,6.216
1266796800,78.88,82.18,73.39,0.8300000000000001,1014.1,5.74,120.0,0.44,0.0,6.216
1266883200,78.88,82.18,73.39,0.8300000000000001,1012.2,8.05,131.0,0.75,0.0,6.216
1266969600,73.45,75.18,73.39,1.0,1011.4,3.46,140.0,0.44,0.0,6.216
1267056000,73.45,75.18,73.39,1.0,1011.2,4.61,60.0,0.75,0.0,1.862
1267142400,75.25,76.89,73.39,0.9400000000000001,1010.3,3.46,110.0,0.44,0.0,6.216
1267228800,77.06,78.88,75.19,0.9400000000000001,1010.9,3.46,120.0,0.19,0.0,6.216
1267315200,78.88,82.55,75.19,0.89,1011.9,4.61,101.0,0.19,0.0,6.216
1267401600,78.88,82.18,73.39,0.8300000000000001,1013.0,9.21,131.0,0.19,0.0,6.216
1267488000,77.06,78.88,75.19,0.9400000000000001,1012.6,4.61,120.0,0.19,0.0,6.216
1267574400,80.65,86.25,75.19,0.84,1011.2,3.46,150.0,0.75,0.0,6.216
1267660800,77.06,78.88,75.19,0.9400000000000001,1011.5,4.48,,0.44,0.0,4.974
1267747200,78.88,82.18,73.39,0.8300000000000001,1011.2,5.74,131.0,0.75,0.0,6.216
1267833600,78.66,82.04,75.01,0.89,1012.5,8.96,120.0,0.25,0.0,
1267920000,78.88,82.55,75.19,0.89,1012.7,1.16,330.0,0.75,0.0,6.216
1268006400,78.88,82.18,73.39,0.8300000000000001,1012.2,4.61,110.0,0.19,0.0,6.216
1268092800,80.65,85.4,73.39,0.79,1014.2,4.61,170.0,0.44,0.0,6.216
1268179200,75.25,76.89,73.39,0.9400000000000001,1014.5,4.48,,0.44,0.0,6.216
1268265600,73.45,73.94,64.4,0.73,1016.3,5.74,0.0,0.75,0.0,6.216
1268352000,77.06,78.38,71.61,0.8300000000000001,1015.8,5.74,71.0,0.44,0.0,6.216
1268438400,78.88,81.84,71.61,0.78,1013.4,6.91,131.0,0.19,0.0,6.216
1268524800,78.88,82.18,73.39,0.8300000000000001,1012.0,6.91,120.0,0.44,0.0,6.216
1268611200,78.66,79.83,70.71,0.77,1011.0,15.65,110.0,,,
1268697600,78.88,79.93,69.81,0.74,1012.2,10.35,110.0,0.44,0.0,6.216
1268784000,75.25,75.93,66.21,0.74,1014.1,5.74,11.0,0.19,0.0,6.216
1268870400,73.45,74.16,66.21,0.78,1014.5,5.74,30.0,0.19,0.0,4.974
1268956800,71.67,72.44,66.21,0.8300000000000001,1012.9,4.61,11.0,0.19,0.0,6.216
1269043200,78.88,79.72,68.0,0.6900000000000001,1010.8,5.74,101.0,0.19,0.0,6.216
1269129600,78.88,82.55,75.19,0.89,1010.6,9.21,90.0,0.44,0.0,6.216
1269216000,80.65,84.65,71.61,0.74,1009.2,8.05,110.0,0.19,0.0,6.216
1269302400,78.88,82.18,73.39,0.8300000000000001,1008.7,9.21,110.0,0.19,0.0,6.216
1269388800,79.39,84.27,76.99,0.92,1009.6,11.19,110.0,,,
1269475200,80.65,87.67,76.99,0.89,1009.6,6.91,140.0,0.44,0.0,6.216
1269561600,80.65,83.96,69.81,0.7000000000000001,1010.6,10.35,110.0,0.19,1.0,6.216
1269648000,79.57,84.19,75.56,0.88,1012.4,4.48,341.0,0.5,0.0,
1269734400,75.81,77.7,75.19,0.98,1012.1,4.48,,0.5,1.0,
1269820800,80.65,83.96,69.81,0.7000000000000001,1012.2,6.72,11.0,0.75,1.0,6.216
1269907200,80.65,84.65,71.61,0.74,1012.6,5.74,71.0,0.44,1.0,6.216
1269993600,80.65,84.65,71.61,0.74,1011.7,10.35,120.0,0.44,1.0,6.216
1270080000,78.88,82.55,75.19,0.89,1011.5,8.05,110.0,0.19,1.0,6.216
1270166400,82.48,89.61,75.19,0.79,1011.6,8.05,131.0,0.19,1.0,6.216
1270252800,80.65,86.25,75.19,0.84,1011.5,8.05,131.0,0.44,1.0,6.216
1270339200,80.65,86.25,75.19,0.84,1011.8,6.91,110.0,0.44,1.0,6.216
1270425600,80.65,86.25,75.19,0.84,1011.3,4.61,101.0,0.44,1.0,6.216
1270512000,82.48,91.01,76.99,0.84,1011.2,6.91,150.0,0.44,1.0,6.216
1270598400,80.65,86.25,75.19,0.84,1012.2,4.61,101.0,0.44,1.0,6.216
1270684800,80.65,86.25,75.19,0.84,1012.9,6.91,131.0,0.19,1.0,6.216
1270771200,80.65,85.4,73.39,0.79,1012.0,5.74,120.0,0.19,1.0,6.216
1270857600,82.48,89.61,75.19,0.79,1009.1,8.05,131.0,0.19,1.0,6.216
1270944000,80.65,86.25,75.19,0.84,1009.3,4.48,,0.19,1.0,6.216
1271030400,82.48,89.61,75.19,0.79,1009.3,5.74,180.0,0.44,1.0,6.216
1271116800,82.48,89.61,75.19,0.79,1010.3,5.74,131.0,0.19,1.0,6.216
1271203200,82.48,88.38,73.39,0.74,1010.1,6.91,90.0,0.19,1.0,6.216
1271289600,82.48,88.38,73.39,0.74,1010.1,9.21,110.0,0.19,1.0,6.216
1271376000,82.48,89.61,75.19,0.79,1011.5,8.05,101.0,0.75,1.0,6.216
1271462400,82.48,88.38,73.39,0.74,1011.8,8.05,101.0,0.19,1.0,6.216
1271548800,80.65,85.4,73.39,0.79,1012.0,4.61,20.0,0.44,1.0,4.974
1271635200,82.48,89.61,75.19,0.79,1010.4,6.91,120.0,0.19,1.0,6.216
1271721600,82.48,89.61,75.19,0.79,1009.2,6.91,131.0,0.44,1.0,6.216
1271808000,80.65,87.67,76.99,0.89,1008.2,4.48,,0.44,1.0,6.216
1271894400,84.27,94.29,76.99,0.79,1009.5,9.21,140.0,0.44,1.0,6.216
1271980800,82.48,91.01,76.99,0.84,1010.6,4.61,101.0,0.19,1.0,6.216
1272067200,82.48,88.38,73.39,0.74,1012.0,8.05,71.0,0.19,1.0,6.216
1272153600,82.48,88.38,73.39,0.74,1010.8,12.67,110.0,0.44,1.0,6.216
1272240000,82.48,88.38,73.39,0.74,1012.4,9.21,101.0,0.19,1.0,6.216
1272326400,83.92,92.5,75.75,0.77,1012.3,20.12,110.0,0.25,1.0,
1272412800,82.48,91.01,76.99,0.84,1013.4,2.24,,0.44,1.0,6.216
1272499200,84.27,92.56,75.19,0.74,1011.4,5.74,110.0,0.44,1.0,6.216
1272585600,82.48,89.61,75.19,0.79,1012.6,5.74,71.0,0.75,1.0,6.216
1272672000,80.65,89.44,78.81,0.9400000000000001,1011.2,0.0,,0.44,1.0,6.216
1272758400,84.27,92.56,75.19,0.74,1010.3,6.91,101.0,0.44,1.0,6.216
1272844800,82.48,91.01,76.99,0.84,1008.5,9.21,101.0,0.44,1.0,6.216
1272931200,82.48,89.61,75.19,0.79,1008.2,2.24,,0.75,1.0,6.216
1273017600,82.48,92.93,78.81,0.89,1008.1,3.46,71.0,0.44,1.0,6.216
1273104000,80.65,89.44,78.81,0.9400000000000001,1007.8,4.48,,0.75,1.0,4.346
1273190400,84.27,96.26,78.81,0.84,1007.1,6.91,140.0,0.19,1.0,6.216
1273276800,82.48,92.93,78.81,0.89,1006.6,3.46,251.0,0.75,1.0,5.591
1273363200,82.48,92.93,78.81,0.89,1006.6,4.61,180.0,0.44,1.0,6.216
1273449600,86.06,97.25,76.99,0.74,1006.5,6.91,170.0,0.44,1.0,6.216
1273536000,82.48,92.93,78.81,0.89,1007.3,4.61,60.0,0.44,1.0,4.974
1273622400,84.27,92.56,75.19,0.74,1007.7,10.35,80.0,0.19,1.0,6.216
1273708800,84.27,92.56,75.19,0.74,1007.9,9.21,101.0,0.19,1.0,6.216
1273795200,86.06,97.25,76.99,0.74,1006.7,10.35,101.0,0.44,1.0,6.216
1273881600,84.27,96.26,78.81,0.84,1006.7,10.35,110.0,0.44,1.0,6.216
1273968000,84.27,96.26,78.81,0.84,1007.2,8.05,101.0,0.44,1.0,6.216
1274054400,84.27,94.29,76.99,0.79,1008.7,12.67,110.0,0.19,1.0,6.216
1274140800,84.27,94.29,76.99,0.79,1010.3,9.21,191.0,0.44,1.0,6.216
1274227200,84.27,98.63,80.58,0.89,1010.4,5.74,30.0,0.44,1.0,6.216
1274313600,82.48,91.01,76.99,0.84,1009.9,6.72,,0.19,1.0,6.216
1274400000,86.06,99.51,78.81,0.79,1009.9,6.91,120.0,0.44,1.0,6.216
1274486400,82.48,91.01,76.99,0.84,1010.2,0.0,,0.75,1.0,6.216
1274572800,82.48,91.67,77.72,0.86,1009.0,2.24,,0.25,1.0,
1274659200,84.27,96.26,78.81,0.84,1008.0,6.91,221.0,0.19,1.0,6.216
1274745600,84.27,96.88,79.33,0.85,1007.8,22.38,221.0,0.25,1.0,
1274832000,84.27,96.26,78.81,0.84,1008.3,6.91,230.0,0.75,1.0,6.216
1274918400,82.48,91.01,76.99,0.84,1008.5,9.21,191.0,0.75,1.0,6.216
1275004800,84.27,94.29,76.99,0.79,1009.6,3.46,60.0,0.44,1.0,4.974
1275091200,80.65,89.44,78.81,0.9400000000000001,,1.11,,0.44,1.0,2.488
1275177600,84.27,94.29,76.99,0.79,1009.4,8.05,200.0,0.44,1.0,6.216
1275264000,84.27,96.26,78.81,0.84,1009.2,2.24,,0.44,1.0,6.216
1275350400,84.27,96.26,78.81,0.84,1009.0,8.05,210.0,0.44,1.0,6.216
1275436800,84.27,96.26,78.81,0.84,1009.0,10.35,200.0,0.44,1.0,6.216
1275523200,82.48,91.01,76.99,0.84,1010.0,6.91,200.0,0.44,1.0,6.216
1275609600,82.48,92.93,78.81,0.89,1009.8,1.16,71.0,0.44,1.0,6.216
1275696000,82.48,92.93,78.81,0.89,1008.5,3.46,251.0,0.19,1.0,6.216
1275782400,84.27,94.29,76.99,0.79,1008.3,4.48,,0.19,1.0,6.216
1275868800,82.48,92.93,78.81,0.89,1008.9,4.61,200.0,0.44,1.0,6.216
1275955200,80.65,87.67,76.99,0.89,1008.9,3.46,110.0,0.44,1.0,6.216
1276041600,77.06,78.88,75.19,0.9400000000000001,1008.3,5.74,101.0,0.75,1.0,6.216
1276128000,78.88,82.55,75.19,0.89,1009.6,2.29,60.0,0.44,1.0,6.216
1276214400,80.65,89.44,78.81,0.9400000000000001,1009.7,1.16,350.0,0.19,1.0,1.244
1276300800,82.48,92.93,78.81,0.89,1010.5,3.46,311.0,0.44,1.0,2.917
1276387200,82.48,95.14,80.58,0.9400000000000001,1009.8,0.0,,0.19,1.0,4.346
1276473600,82.48,89.61,75.19,0.79,1010.6,0.0,,0.44,1.0,4.974
1276560000,78.88,83.38,78.81,1.0,1010.1,2.29,60.0,0.19,1.0,3.73
1276646400,80.65,91.31,80.58,1.0,1009.9,2.29,50.0,0.44,1.0,1.244
1276732800,80.65,87.67,76.99,0.89,1008.5,9.21,210.0,0.19,1.0,6.216
1276819200,77.06,79.15,76.99,1.0,1009.6,5.74,251.0,0.75,1.0,6.216
1276905600,80.65,87.67,76.99,0.89,1009.6,3.46,240.0,0.44,1.0,6.216
1276992000,77.06,79.15,76.99,1.0,1009.2,2.24,,0.44,1.0,3.73
1277078400,78.88,83.38,78.81,1.0,1006.4,5.74,110.0,0.44,1.0,4.974
1277164800,82.48,92.93,78.81,0.89,1007.5,4.61,110.0,0.44,1.0,6.216
1277251200,80.65,89.44,78.81,0.9400000000000001,1010.2,4.61,71.0,0.19,1.0,4.346
1277337600,78.88,82.95,76.99,0.9400000000000001,1008.6,4.48,,0.44,1.0,5.591
1277424000,80.65,87.67,76.99,0.89,1007.2,5.74,230.0,0.19,1.0,6.216
1277510400,80.65,89.44,78.81,0.9400000000000001,1007.4,6.91,221.0,0.19,1.0,6.216
1277596800,77.06,79.15,76.99,1.0,1008.4,1.16,0.0,0.44,1.0,2.488
1277683200,75.25,77.17,75.19,1.0,1007.3,1.16,200.0,0.44,1.0,4.346
1277769600,77.06,79.15,76.99,1.0,1007.7,4.48,251.0,0.19,1.0,6.216
1277856000,80.65,87.67,76.99,0.89,1008.2,6.91,210.0,0.19,1.0,6.216
1277942400,78.88,82.95,76.99,0.9400000000000001,1008.1,3.46,60.0,0.44,1.0,4.974
1278028800,75.25,77.17,75.19,1.0,1009.0,3.46,60.0,0.44,1.0,2.488
1278115200,75.25,77.17,75.19,1.0,1009.9,1.16,350.0,0.19,1.0,3.73
1278201600,78.88,83.38,78.81,1.0,1010.8,4.61,30.0,0.44,1.0,2.175
1278288000,75.25,77.17,75.19,1.0,1010.4,2.29,50.0,0.44,1.0,4.974
1278374400,77.06,79.15,76.99,1.0,1010.8,3.46,50.0,0.44,1.0,4.974
1278460800,80.65,89.44,78.81,0.9400000000000001,1010.7,1.16,60.0,0.19,1.0,3.73
1278547200,78.88,83.38,78.81,1.0,1009.8,2.29,71.0,0.44,1.0,1.74
1278633600,81.38,87.66,75.19,0.8200000000000001,1009.5,2.24,,0.25,1.0,
1278720000,80.65,89.44,78.81,0.9400000000000001,1009.1,2.29,50.0,0.44,1.0,4.974
1278806400,79.22,83.32,75.19,0.88,1010.5,0.0,,0.5,1.0,
1278892800,78.88,82.95,76.99,0.9400000000000001,1009.3,2.29,221.0,0.19,1.0,6.216
1278979200,78.88,82.95,76.99,0.9400000000000001,1008.4,4.61,60.0,0.75,1.0,3.73
1279065600,78.88,83.38,78.81,1.0,1007.1,4.61,50.0,0.44,1.0,2.048
1279152000,78.88,83.38,78.81,1.0,1007.0,2.29,41.0,0.75,1.0,3.108
1279238400,78.88,82.55,75.19,0.89,1005.8,3.46,71.0,0.44,1.0,6.216
1279324800,78.88,83.38,78.81,1.0,1008.1,4.61,131.0,0.44,1.0,6.216
1279411200,78.88,82.95,76.99,0.9400000000000001,1009.9,2.29,71.0,0.75,1.0,3.108
1279497600,77.06,79.15,76.99,1.0,1009.9,1.16,330.0,0.19,1.0,3.108
1279584000,78.88,83.38,78.81,1.0,1008.8,2.29,251.0,0.19,1.0,3.108
1279670400,78.88,82.95,76.99,0.9400000000000001,1008.6,3.46,60.0,0.44,1.0,4.974
1279756800,78.88,83.38,78.81,1.0,1007.8,2.29,131.0,0.44,1.0,3.108
1279843200,78.88,83.38,78.81,1.0,1007.4,2.29,210.0,0.75,1.0,6.216
1279929600,78.88,82.55,75.19,0.89,1006.9,0.0,,0.75,1.0,6.216
1280016000,73.45,75.18,73.39,1.0,1006.9,5.74,240.0,0.75,1.0,6.216
1280102400,75.25,77.17,75.19,1.0,1005.4,1.16,221.0,0.75,1.0,3.108
1280188800,75.25,77.17,75.19,1.0,1006.8,4.61,210.0,0.44,1.0,6.216
1280275200,78.88,82.95,76.99,0.9400000000000001,1008.5,8.05,180.0,0.75,1.0,6.216
1280361600,78.88,83.38,78.81,1.0,1009.0,4.61,191.0,0.75,1.0,5.591
1280448000,77.06,78.88,75.19,0.9400000000000001,1009.9,1.16,251.0,0.75,1.0,6.216
1280534400,78.88,83.38,78.81,1.0,1008.8,6.91,230.0,0.19,1.0,6.216
1280620800,77.06,79.15,76.99,1.0,,4.61,41.0,0.44,1.0,3.108
1280707200,77.06,79.15,76.99,1.0,,5.74,191.0,0.75,1.0,6.216
1280793600,77.06,78.88,75.19,0.9400000000000001,1009.5,3.46,71.0,0.44,1.0,2.488
1280880000,78.88,83.38,78.81,1.0,1009.0,2.29,300.0,0.19,1.0,3.73
1280966400,78.88,82.55,75.19,0.89,1008.4,4.61,260.0,0.75,1.0,6.216
1281052800,78.88,82.55,75.19,0.89,1007.9,4.61,311.0,0.75,1.0,6.216
1281139200,77.06,79.15,76.99,1.0,1006.9,2.29,251.0,0.75,1.0,6.216
1281225600,78.88,82.95,76.99,0.9400000000000001,1005.6,5.74,240.0,0.75,1.0,6.216
1281312000,75.25,77.17,75.19,1.0,1005.2,6.91,210.0,0.75,1.0,6.216
1281398400,75.25,77.17,75.19,1.0,1007.2,12.67,221.0,0.75,1.0,6.216
1281484800,78.88,82.55,75.19,0.89,1008.6,6.91,180.0,0.75,1.0,6.216
1281571200,77.06,79.15,76.99,1.0,1009.6,3.46,341.0,0.75,1.0,3.73
1281657600,78.88,83.38,78.81,1.0,1009.6,3.46,50.0,0.75,1.0,4.346
1281744000,78.88,83.38,78.81,1.0,1008.7,4.61,221.0,0.44,1.0,4.974
1281830400,75.25,77.17,75.19,1.0,1010.2,2.29,320.0,0.75,1.0,1.244
1281916800,78.88,83.38,78.81,1.0,1011.0,1.16,41.0,0.44,1.0,6.216
1282003200,80.65,91.31,80.58,1.0,1008.9,3.46,60.0,0.44,1.0,4.974
1282089600,78.88,82.95,76.99,0.9400000000000001,1008.7,3.46,50.0,0.44,1.0,3.108
1282176000,80.65,89.44,78.81,0.9400000000000001,1008.9,4.61,71.0,0.44,1.0,6.216
1282262400,77.06,79.15,76.99,1.0,1009.8,2.29,311.0,0.44,1.0,1.244
1282348800,77.06,79.15,76.99,1.0,1010.0,2.29,350.0,0.75,1.0,2.422
1282435200,78.88,83.38,78.81,1.0,1007.7,2.29,221.0,0.75,1.0,6.216
1282521600,75.25,76.89,73.39,0.9400000000000001,1006.6,0.0,,0.75,1.0,4.346
1282608000,78.88,82.55,75.19,0.89,1007.5,2.29,120.0,0.44,1.0,6.216
1282694400,77.06,79.15,76.99,1.0,1010.0,4.48,,0.44,1.0,2.422
1282780800,77.06,78.88,75.19,0.9400000000000001,1010.8,2.29,30.0,0.19,1.0,1.5550000000000002
1282867200,78.88,83.38,78.81,1.0,1008.6,2.24,260.0,0.44,1.0,1.862
1282953600,77.06,79.15,76.99,1.0,1007.3,1.16,41.0,0.75,1.0,4.974
1283040000,75.25,77.17,75.19,1.0,1009.3,2.29,30.0,0.75,1.0,2.488
1283126400,78.88,83.38,78.81,1.0,1009.4,3.46,230.0,0.75,1.0,3.73
1283212800,78.88,83.38,78.81,1.0,1008.2,1.16,270.0,0.44,1.0,6.216
1283299200,80.65,89.44,78.81,0.9400000000000001,1007.1,4.61,251.0,0.75,1.0,6.216
1283385600,80.65,89.44,78.81,0.9400000000000001,1008.5,5.74,210.0,0.44,1.0,6.216
1283472000,80.65,89.44,78.81,0.9400000000000001,1007.8,6.91,221.0,0.44,1.0,6.216
1283558400,75.25,77.17,75.19,1.0,1008.7,3.46,60.0,0.44,1.0,3.73
1283644800,80.65,87.67,76.99,0.89,1008.9,3.46,210.0,0.44,1.0,6.216
1283731200,78.88,82.55,75.19,0.89,1008.3,8.96,200.0,0.75,1.0,6.216
1283817600,78.88,83.38,78.81,1.0,1008.1,5.74,180.0,0.44,1.0,6.216
1283904000,78.88,83.38,78.81,1.0,1008.4,3.46,350.0,0.44,1.0,1.244
1283990400,80.65,87.67,76.99,0.89,1010.3,2.29,41.0,0.19,1.0,4.346
1284076800,78.88,83.38,78.81,1.0,1009.7,2.29,30.0,0.44,1.0,5.591
1284163200,75.25,77.17,75.19,1.0,1009.4,4.61,41.0,0.44,1.0,4.974
1284249600,77.06,79.15,76.99,1.0,1011.4,1.16,290.0,0.44,1.0,5.591
1284336000,75.25,77.17,75.19,1.0,1009.4,3.46,50.0,0.44,1.0,4.346
1284422400,73.45,75.18,73.39,1.0,1009.5,1.16,30.0,0.44,1.0,1.429
1284508800,73.45,75.18,73.39,1.0,1009.5,2.29,60.0,0.44,1.0,4.346
1284595200,75.25,77.17,75.19,1.0,1008.9,2.29,20.0,0.44,1.0,4.974
1284681600,75.25,77.17,75.19,1.0,1008.7,4.48,,0.75,1.0,1.244
1284768000,78.88,83.38,78.81,1.0,1008.9,3.46,120.0,0.44,1.0,6.216
1284854400,77.06,79.15,76.99,1.0,1009.0,0.0,,0.44,1.0,1.244
1284940800,78.88,83.38,78.81,1.0,1008.6,4.48,330.0,0.44,1.0,4.974
1285027200,79.57,84.91,77.56,0.9400000000000001,1009.3,0.0,,,,
1285113600,80.65,87.67,76.99,0.89,1009.5,3.46,200.0,0.44,1.0,6.216
1285200000,80.65,89.44,78.81,0.9400000000000001,1008.8,4.61,41.0,0.19,1.0,3.108
1285286400,80.65,89.44,78.81,0.9400000000000001,1009.5,2.29,41.0,0.19,1.0,3.73
1285372800,77.06,78.88,75.19,0.9400000000000001,1010.3,2.29,290.0,0.44,1.0,3.73
1285459200,78.88,83.38,78.81,1.0,1010.8,2.29,30.0,0.75,1.0,3.108
1285545600,77.06,79.15,76.99,1.0,1010.2,4.61,350.0,0.19,1.0,2.488
1285632000,78.88,82.55,75.19,0.89,1009.6,4.61,0.0,0.19,1.0,6.216
1285718400,75.25,77.17,75.19,1.0,1010.5,3.46,50.0,0.44,1.0,1.244
1285804800,75.25,77.17,75.19,1.0,1007.6,6.91,341.0,0.75,1.0,3.108
1285891200,75.25,77.17,75.19,1.0,1006.6,5.74,341.0,0.44,1.0,1.244
1285977600,77.06,79.15,76.99,1.0,1005.7,3.46,330.0,0.75,1.0,1.862
1286064000,78.88,83.38,78.81,1.0,1006.9,2.29,80.0,0.44,1.0,1.244
1286150400,80.65,89.44,78.81,0.9400000000000001,1006.6,2.29,90.0,0.44,1.0,6.216
1286236800,78.88,83.38,78.81,1.0,1008.3,2.29,80.0,0.44,1.0,6.216
1286323200,78.88,82.95,76.99,0.9400000000000001,1009.7,4.61,41.0,0.75,1.0,5.591
1286409600,80.65,89.44,78.81,0.9400000000000001,1010.4,1.16,270.0,0.75,1.0,6.216
1286496000,77.06,78.88,75.19,0.9400000000000001,1009.1,2.29,0.0,0.75,1.0,6.216
1286582400,78.88,83.38,78.81,1.0,1008.2,2.29,60.0,0.75,1.0,6.216
1286668800,77.06,79.15,76.99,1.0,1007.4,2.29,30.0,0.75,1.0,1.862
1286755200,75.25,77.17,75.19,1.0,1008.5,4.61,330.0,0.75,1.0,6.216
1286841600,77.06,79.15,76.99,1.0,1009.0,0.0,,0.75,1.0,4.346
1286928000,75.25,77.17,75.19,1.0,1008.9,0.0,,0.75,1.0,3.73
1287014400,75.25,77.17,75.19,1.0,1007.0,2.29,20.0,0.75,1.0,6.216
1287100800,77.06,79.15,76.99,1.0,1006.7,5.74,191.0,0.75,1.0,3.73
1287187200,78.88,82.55,75.19,0.89,1007.0,6.91,210.0,0.44,1.0,6.216
1287273600,80.65,87.67,76.99,0.89,1008.7,2.29,150.0,0.44,1.0,6.216
1287360000,75.25,77.17,75.19,1.0,1010.0,1.16,30.0,0.44,1.0,2.422
1287446400,75.25,77.17,75.19,1.0,1009.5,0.0,,0.75,1.0,1.862
1287532800,77.06,79.15,76.99,1.0,1008.6,3.46,341.0,0.75,1.0,4.346
1287619200,77.06,79.15,76.99,1.0,1007.5,2.24,,0.75,1.0,1.862
1287705600,77.06,79.15,76.99,1.0,1007.0,2.29,341.0,0.75,1.0,2.982
1287792000,78.88,82.95,76.99,0.9400000000000001,1008.8,1.16,71.0,0.19,1.0,1.5550000000000002
1287878400,78.88,83.38,78.81,1.0,1007.9,4.61,71.0,0.44,1.0,4.974
1287964800,78.88,83.38,78.81,1.0,1008.9,2.24,,0.44,1.0,1.8010000000000002
1288051200,80.65,86.25,75.19,0.84,1009.6,3.46,80.0,0.75,1.0,3.73
1288137600,77.06,79.15,76.99,1.0,1009.9,4.61,350.0,0.19,1.0,1.862
1288224000,75.25,77.17,75.19,1.0,1010.4,5.74,350.0,0.75,1.0,6.216
1288310400,73.45,74.65,69.81,0.88,1010.2,5.74,341.0,0.75,1.0,4.974
1288396800,71.67,72.95,69.81,0.9400000000000001,1010.5,8.05,350.0,0.75,1.0,4.974
1288483200,71.67,72.95,69.81,0.9400000000000001,1009.3,9.21,330.0,0.44,1.0,6.216
1288569600,71.67,73.23,71.61,1.0,1007.7,4.61,20.0,0.75,1.0,6.216
1288656000,75.25,77.17,75.19,1.0,1008.5,0.0,,0.75,1.0,3.108
1288742400,73.45,75.18,73.39,1.0,1009.4,2.29,350.0,0.75,1.0,1.12
1288828800,73.45,74.65,69.81,0.88,1009.8,6.91,330.0,0.44,1.0,6.216
1288915200,73.45,74.91,71.61,0.9400000000000001,1009.8,6.91,341.0,0.19,1.0,4.974
1289001600,71.67,73.23,71.61,1.0,1010.2,6.91,311.0,0.44,1.0,6.216
1289088000,73.45,75.18,73.39,1.0,1009.8,3.46,0.0,0.44,1.0,0.931
1289174400,75.25,77.17,75.19,1.0,1009.7,2.24,,0.75,1.0,4.974
1289260800,75.25,77.17,75.19,1.0,1011.4,2.29,300.0,0.44,1.0,3.73
1289347200,75.25,76.89,73.39,0.9400000000000001,1012.2,4.61,320.0,0.75,1.0,6.216
1289433600,75.25,77.17,75.19,1.0,1010.7,3.46,281.0,0.75,1.0,4.346
1289520000,75.25,77.17,75.19,1.0,1008.0,4.61,330.0,0.19,1.0,6.216
1289606400,77.06,78.88,75.19,0.9400000000000001,1008.5,1.16,251.0,0.44,1.0,2.488
1289692800,78.88,82.95,76.99,0.9400000000000001,1011.5,4.61,101.0,0.44,1.0,6.216
1289779200,77.06,79.15,76.99,1.0,1012.8,4.61,11.0,0.44,1.0,3.73
1289865600,75.25,77.17,75.19,1.0,1010.9,2.29,20.0,0.19,1.0,6.216
1289952000,77.06,78.88,75.19,0.9400000000000001,1010.4,3.46,11.0,0.44,0.0,1.862
1290038400,73.45,75.18,73.39,1.0,1011.1,4.61,11.0,0.75,0.0,3.108
1290124800,75.25,77.17,75.19,1.0,1010.3,3.46,20.0,0.75,0.0,1.862
1290211200,73.45,75.18,73.39,1.0,1008.8,3.46,41.0,0.75,0.0,3.73
1290297600,73.45,75.18,73.39,1.0,1008.1,2.29,320.0,0.44,0.0,0.434
1290384000,77.06,79.15,76.99,1.0,1007.2,1.16,50.0,0.44,0.0,1.862
1290470400,73.45,75.18,73.39,1.0,1008.9,1.16,350.0,0.44,0.0,1.862
1290556800,75.25,76.89,73.39,0.9400000000000001,1009.3,2.29,0.0,0.44,0.0,5.591
1290643200,75.25,77.17,75.19,1.0,1009.6,5.74,0.0,0.44,0.0,1.5550000000000002
1290729600,71.67,72.69,68.0,0.88,1008.3,5.74,11.0,0.75,0.0,3.73
1290816000,75.25,76.64,71.61,0.88,1008.9,5.74,30.0,0.75,0.0,6.216
1290902400,75.25,76.89,73.39,0.9400000000000001,1009.9,3.46,20.0,0.75,0.0,4.346
1290988800,75.25,77.17,75.19,1.0,1009.0,2.29,60.0,0.44,0.0,1.862
1291075200,75.25,77.17,75.19,1.0,1008.2,4.61,341.0,0.75,0.0,3.73
1291161600,73.45,74.91,71.61,0.9400000000000001,1007.7,5.74,41.0,0.44,0.0,6.216
1291248000,75.25,76.39,69.81,0.8300000000000001,1008.8,4.61,41.0,0.75,0.0,6.216
1291334400,77.06,78.15,69.81,0.78,1008.8,2.29,290.0,0.75,0.0,6.216
1291420800,73.45,74.65,69.81,0.88,1007.4,6.91,0.0,0.75,0.0,6.216
1291507200,75.25,76.64,71.61,0.88,1006.9,3.46,80.0,0.75,0.0,6.216
1291593600,77.06,79.15,76.99,1.0,1008.8,1.16,30.0,0.44,0.0,1.617
1291680000,75.25,76.89,73.39,0.9400000000000001,1008.5,3.46,11.0,0.44,0.0,6.216
1291766400,71.67,72.44,66.21,0.8300000000000001,1009.5,4.61,0.0,0.44,0.0,4.974
1291852800,71.67,72.2,64.4,0.78,1010.0,2.29,341.0,0.44,0.0,2.048
1291939200,73.45,75.18,73.39,1.0,1009.8,2.29,260.0,0.44,0.0,1.244
1292025600,73.45,75.18,73.39,1.0,1009.0,3.46,80.0,0.44,0.0,1.244
1292112000,74.17,75.76,72.69,0.9500000000000001,1006.9,4.48,30.0,0.25,0.0,
1292198400,77.06,78.88,75.19,0.9400000000000001,1007.5,3.46,230.0,0.19,0.0,3.108
1292284800,77.06,78.88,75.19,0.9400000000000001,1008.7,3.46,60.0,0.75,0.0,1.244
1292371200,75.25,77.17,75.19,1.0,1008.8,5.74,90.0,0.75,0.0,6.216
1292457600,75.25,77.17,75.19,1.0,1009.4,3.46,60.0,0.44,0.0,6.216
1292544000,71.67,71.98,62.59,0.73,1009.6,8.05,341.0,0.19,0.0,6.216
1292630400,69.87,70.45,64.4,0.8300000000000001,1010.1,5.74,341.0,0.44,0.0,6.216
1292716800,69.87,70.97,68.0,0.9400000000000001,1010.9,5.74,320.0,0.44,0.0,3.108
1292803200,73.45,74.91,71.61,0.9400000000000001,1010.1,0.0,,0.44,0.0,3.108
1292889600,75.25,76.89,73.39,0.9400000000000001,1008.8,1.16,330.0,0.44,0.0,3.108
1292976000,73.45,75.18,73.39,1.0,1007.8,2.29,50.0,0.75,0.0,1.862
1293062400,73.45,75.18,73.39,1.0,1008.9,1.16,20.0,0.75,0.0,1.5550000000000002
1293148800,73.45,75.18,73.39,1.0,1009.5,4.61,311.0,0.75,0.0,1.244
1293235200,71.67,73.23,71.61,1.0,1008.0,4.48,,0.44,0.0,1.862
1293321600,69.87,70.21,62.59,0.78,1009.0,3.46,0.0,0.19,0.0,5.591
1293408000,71.67,72.69,68.0,0.88,1010.3,4.61,20.0,0.75,0.0,4.974
1293494400,71.67,72.44,66.21,0.8300000000000001,1010.4,3.46,341.0,0.75,0.0,3.108
1293580800,71.67,72.95,69.81,0.9400000000000001,1010.1,2.29,30.0,0.75,0.0,4.346
1293667200,73.45,75.18,73.39,1.0,1010.6,1.16,290.0,0.19,0.0,1.862
1293753600,73.45,74.91,71.61,0.9400000000000001,1009.6,2.29,11.0,0.75,0.0,4.974
1293840000,73.45,75.18,73.39,1.0,1008.7,2.29,281.0,0.44,0.0,3.73
1293926400,73.45,75.18,73.39,1.0,1009.5,4.48,320.0,0.75,0.0,0.931
1294012800,73.45,74.91,71.61,0.9400000000000001,1009.5,2.29,260.0,0.44,0.0,1.5550000000000002
1294099200,75.25,76.89,73.39,0.9400000000000001,1009.4,4.61,120.0,0.44,0.0,6.216
1294185600,73.45,74.65,69.81,0.88,1009.1,1.16,80.0,0.75,0.0,4.974
1294272000,73.45,74.91,71.61,0.9400000000000001,1010.3,5.74,41.0,0.44,0.0,6.216
1294358400,69.87,70.21,62.59,0.78,1010.3,4.61,30.0,0.44,0.0,6.216
1294444800,69.87,70.45,64.4,0.8300000000000001,1011.2,3.46,11.0,0.44,0.0,6.216
1294531200,69.87,70.45,64.4,0.8300000000000001,1010.2,1.16,30.0,0.44,0.0,3.73
1294617600,68.06,68.71,64.4,0.88,1009.8,3.46,311.0,0.44,0.0,5.591
1294704000,71.67,73.23,71.61,1.0,1009.1,3.46,60.0,0.44,0.0,1.244
1294790400,71.67,72.95,69.81,0.9400000000000001,1009.0,2.29,290.0,0.44,0.0,2.488
1294876800,73.45,75.18,73.39,1.0,1009.9,1.16,170.0,0.44,0.0,1.12
1294963200,73.21,74.57,70.89,0.92,1012.2,2.69,132.0,0.44,0.0,3.097
1295049600,71.67,73.23,71.61,1.0,1011.2,1.16,290.0,0.75,0.0,1.244
1295136000,71.67,72.2,64.4,0.78,1012.0,2.29,341.0,0.44,0.0,5.591
1295222400,66.27,66.48,60.8,0.8300000000000001,1013.4,3.46,0.0,0.44,0.0,6.216
1295308800,68.06,68.98,66.21,0.9400000000000001,1012.6,2.29,30.0,0.19,0.0,1.5550000000000002
1295395200,69.87,70.97,68.0,0.9400000000000001,1010.0,1.16,260.0,0.44,0.0,1.244
1295481600,69.87,70.97,68.0,0.9400000000000001,1010.0,2.29,290.0,0.19,0.0,1.862
1295568000,71.67,73.23,71.61,1.0,1010.0,2.29,41.0,0.44,0.0,1.5550000000000002
1295654400,73.45,74.4,68.0,0.8300000000000001,1011.5,5.74,0.0,0.44,0.0,6.216
1295740800,75.25,76.64,71.61,0.88,1012.1,3.46,71.0,0.44,0.0,4.974
1295827200,69.87,71.25,69.81,1.0,1011.8,0.0,,0.44,0.0,4.974
1295913600,71.67,72.44,66.21,0.8300000000000001,1012.5,4.61,11.0,0.44,0.0,4.974
1296000000,71.67,72.2,64.4,0.78,1012.0,6.91,30.0,0.44,0.0,6.216
1296086400,71.67,72.44,66.21,0.8300000000000001,1013.8,4.61,41.0,0.19,0.0,6.216
1296172800,71.67,72.95,69.81,0.9400000000000001,1012.3,2.29,41.0,0.44,0.0,3.73
1296259200,75.25,75.52,62.59,0.65,1011.5,9.21,41.0,0.75,0.0,6.216
1296345600,69.87,70.21,62.59,0.78,1012.6,4.61,341.0,0.19,0.0,6.216
1296432000,68.43,69.06,64.4,0.87,1013.0,6.72,0.0,0.25,0.0,
1296518400,69.87,70.7,66.21,0.88,1012.0,2.29,41.0,0.44,0.0,4.974
1296604800,71.67,72.69,68.0,0.88,1012.9,3.46,11.0,0.19,0.0,3.73
1296691200,73.45,73.94,64.4,0.73,1013.0,2.29,350.0,0.44,0.0,6.216
1296777600,69.87,70.97,68.0,0.9400000000000001,1012.1,2.29,300.0,0.44,0.0,6.216
1296864000,71.67,72.69,68.0,0.88,1012.3,2.29,60.0,0.44,0.0,6.216
1296950400,68.06,68.71,64.4,0.88,,2.29,60.0,0.19,0.0,6.216
1297036800,69.87,71.25,69.81,1.0,1011.6,2.29,290.0,0.44,0.0,2.422
1297123200,69.87,71.25,69.81,1.0,1009.3,2.29,60.0,0.44,0.0,4.974
1297209600,69.87,71.25,69.81,1.0,1008.0,2.29,20.0,0.19,0.0,3.73
1297296000,73.45,74.91,71.61,0.9400000000000001,1009.5,2.24,,0.44,0.0,4.974
1297382400,71.67,73.23,71.61,1.0,1010.4,3.46,140.0,0.44,0.0,3.73
1297468800,73.45,74.65,69.81,0.88,1011.0,5.74,71.0,0.75,0.0,6.216
1297555200,71.67,72.95,69.81,0.9400000000000001,1010.5,0.0,,0.44,0.0,3.108
1297641600,73.45,74.65,69.81,0.88,1010.3,9.21,110.0,0.19,0.0,6.216
1297728000,75.25,76.39,69.81,0.8300000000000001,1011.7,2.29,41.0,0.75,0.0,4.974
1297814400,73.45,74.65,69.81,0.88,1013.2,5.74,20.0,0.19,0.0,4.346
1297900800,75.25,76.39,69.81,0.8300000000000001,1012.3,4.61,110.0,0.44,0.0,6.216
1297987200,75.25,76.64,71.61,0.88,1010.8,8.05,101.0,0.19,0.0,6.216
1298073600,75.25,77.17,75.19,1.0,1013.0,0.0,,0.75,0.0,1.244
1298160000,75.25,76.89,73.39,0.9400000000000001,1012.2,2.29,281.0,0.44,0.0,3.73
1298246400,73.45,74.91,71.61,0.9400000000000001,1012.4,4.61,41.0,0.44,0.0,1.862
1298332800,75.25,76.39,69.81,0.8300000000000001,1011.0,3.46,330.0,0.75,0.0,6.216
1298419200,75.25,75.93,66.21,0.74,1012.0,4.61,41.0,0.44,0.0,6.216
1298505600,73.45,74.16,66.21,0.78,1011.3,4.61,71.0,0.19,0.0,6.216
1298592000,75.25,76.15,68.0,0.78,1010.3,9.21,101.0,0.44,0.0,6.216
1298678400,75.25,75.72,64.4,0.6900000000000001,1009.1,6.91,101.0,0.19,0.0,6.216
1298764800,73.45,74.65,69.81,0.88,1011.1,3.46,50.0,0.19,0.0,3.108
1298851200,73.45,74.65,69.81,0.88,1010.4,2.29,30.0,0.44,0.0,6.216
1298937600,73.45,74.91,71.61,0.9400000000000001,1009.6,2.29,131.0,0.44,0.0,6.216
1299024000,77.06,78.15,69.81,0.78,1010.5,0.0,,0.75,0.0,6.216
1299110400,75.25,76.89,73.39,0.9400000000000001,1010.0,3.46,60.0,0.44,0.0,6.216
1299196800,75.25,76.89,73.39,0.9400000000000001,1010.1,5.74,341.0,0.19,0.0,4.974
1299283200,77.06,78.62,73.39,0.88,1009.2,2.29,30.0,0.75,0.0,1.862
1299369600,78.88,81.84,71.61,0.78,1010.5,2.29,90.0,0.44,0.0,6.216
1299456000,78.88,82.18,73.39,0.8300000000000001,1011.3,8.05,101.0,0.19,0.0,6.216
1299542400,78.88,81.84,71.61,0.78,1010.6,9.21,101.0,0.44,0.0,6.216
1299628800,75.25,76.89,73.39,0.9400000000000001,1011.7,3.46,0.0,0.19,0.0,3.73
1299715200,77.06,78.38,71.61,0.8300000000000001,1012.0,5.74,350.0,0.44,0.0,6.216
1299801600,75.25,75.93,66.21,0.74,1010.6,4.61,11.0,0.19,0.0,6.216
1299888000,75.25,75.93,66.21,0.74,1010.8,4.61,50.0,0.44,0.0,6.216
1299974400,78.88,79.34,64.4,0.61,1011.3,6.91,90.0,0.75,0.0,6.216
1300060800,75.25,76.39,69.81,0.8300000000000001,1010.7,11.51,120.0,0.19,0.0,6.216
1300147200,78.88,81.84,71.61,0.78,1010.4,5.74,120.0,0.19,0.0,6.216
1300233600,75.25,75.52,62.59,0.65,1008.7,5.74,341.0,0.75,0.0,6.216
1300320000,75.25,75.93,66.21,0.74,1009.7,6.91,30.0,0.44,0.0,4.974
1300406400,75.25,76.64,71.61,0.88,1010.7,4.61,350.0,0.75,0.0,3.73
1300492800,75.25,76.39,69.81,0.8300000000000001,1010.0,4.61,110.0,0.44,0.0,6.216
1300579200,78.88,82.18,73.39,0.8300000000000001,1009.4,4.61,161.0,0.75,0.0,6.216
1300665600,80.65,85.4,73.39,0.79,1009.2,8.05,120.0,0.44,0.0,6.216
1300752000,75.25,77.17,75.19,1.0,1009.6,4.61,30.0,0.44,0.0,1.862
1300838400,77.06,78.62,73.39,0.88,1009.4,6.91,330.0,0.44,0.0,6.216
1300924800,73.45,75.18,73.39,1.0,1010.7,5.74,90.0,0.75,0.0,6.216
1301011200,75.25,76.15,68.0,0.78,1010.2,5.74,41.0,0.75,0.0,6.216
1301097600,75.25,75.93,66.21,0.74,1011.3,4.61,0.0,0.75,0.0,6.216
1301184000,75.25,75.93,66.21,0.74,1011.2,5.74,50.0,0.75,0.0,6.216
1301270400,73.45,74.16,66.21,0.78,1011.0,3.46,350.0,0.75,0.0,6.216
1301356800,75.25,75.72,64.4,0.6900000000000001,1010.3,4.61,11.0,0.44,1.0,6.216
1301443200,71.67,71.98,62.59,0.73,1010.8,6.91,311.0,0.44,1.0,6.216
1301529600,73.45,73.94,64.4,0.73,1010.2,6.91,330.0,0.44,1.0,6.216
1301616000,77.06,78.88,75.19,0.9400000000000001,1010.2,0.0,,0.75,1.0,2.488
1301702400,78.88,82.18,73.39,0.8300000000000001,1009.3,2.29,270.0,0.75,1.0,3.108
1301788800,78.86,82.46,74.94,0.88,1010.0,4.85,214.0,0.75,1.0,3.589
1301875200,78.88,82.18,73.39,0.8300000000000001,1010.5,5.74,161.0,0.44,1.0,6.216
1301961600,75.25,76.89,73.39,0.9400000000000001,1011.7,4.61,50.0,0.44,1.0,4.974
1302048000,75.25,76.89,73.39,0.9400000000000001,1011.6,4.61,30.0,0.44,1.0,3.108
1302134400,78.88,79.72,68.0,0.6900000000000001,1012.1,4.48,,0.75,1.0,6.216
1302220800,75.25,76.64,71.61,0.88,1011.5,4.61,20.0,0.44,1.0,4.974
1302307200,75.25,76.64,71.61,0.88,1012.8,5.74,0.0,0.44,1.0,5.591
1302393600,77.06,77.92,68.0,0.74,1014.2,2.29,41.0,0.75,1.0,4.974
1302480000,78.88,79.93,69.81,0.74,1011.6,2.29,50.0,0.19,1.0,6.216
1302566400,78.88,79.93,69.81,0.74,1011.5,3.46,50.0,0.75,1.0,6.216
1302652800,75.25,76.64,71.61,0.88,1012.0,6.91,80.0,0.44,1.0,6.216
1302739200,77.06,78.38,71.61,0.8300000000000001,1010.6,5.74,50.0,0.44,1.0,6.216
1302825600,80.65,85.4,73.39,0.79,1009.8,5.74,120.0,0.44,1.0,6.216
1302912000,78.88,82.55,75.19,0.89,1010.6,3.46,90.0,0.44,1.0,6.216
1302998400,78.88,82.55,75.19,0.89,1010.8,5.74,110.0,0.44,1.0,6.216
1303084800,80.65,86.25,75.19,0.84,1009.2,6.91,210.0,0.44,1.0,6.216
1303171200,73.45,75.18,73.39,1.0,1007.9,4.61,161.0,0.75,1.0,4.974
1303257600,78.88,82.55,75.19,0.89,1010.3,5.74,110.0,0.75,1.0,4.974
1303344000,78.88,82.18,73.39,0.8300000000000001,1010.8,10.35,110.0,0.19,1.0,6.216
1303430400,78.88,82.55,75.19,0.89,1010.4,8.05,131.0,0.44,1.0,6.216
1303516800,78.88,82.55,75.19,0.89,1008.7,8.05,131.0,0.44,1.0,6.216
1303603200,78.88,82.55,75.19,0.89,1009.9,5.74,50.0,0.44,1.0,6.216
1303689600,78.88,82.55,75.19,0.89,1009.9,3.46,41.0,0.75,1.0,3.73
1303776000,80.65,85.4,73.39,0.79,1009.7,4.61,50.0,0.44,1.0,6.216
1303862400,80.65,86.25,75.19,0.84,1009.3,4.48,,0.44,1.0,6.216
1303948800,80.65,86.25,75.19,0.84,1008.5,6.91,131.0,0.75,1.0,6.216
1304035200,82.48,89.61,75.19,0.79,1008.9,6.91,110.0,0.44,1.0,6.216
1304121600,82.44,89.54,75.19,0.79,1006.7,8.33,79.0,0.44,1.0,6.216
1304208000,82.48,89.61,75.19,0.79,1011.2,6.91,120.0,0.44,1.0,6.216
1304294400,80.65,87.67,76.99,0.89,1009.2,2.29,50.0,0.44,1.0,4.974
1304380800,80.65,86.25,75.19,0.84,1008.5,0.0,,0.44,1.0,3.73
1304467200,82.48,91.01,76.99,0.84,1008.4,11.51,131.0,0.75,1.0,4.346
1304553600,82.48,92.93,78.81,0.89,1009.2,3.46,41.0,0.44,1.0,6.216
1304640000,80.65,87.67,76.99,0.89,1010.0,3.46,110.0,0.44,1.0,6.216
1304726400,82.48,91.01,76.99,0.84,1008.6,2.24,,0.44,1.0,6.216
1304812800,80.65,89.44,78.81,0.9400000000000001,1007.5,4.61,60.0,0.75,1.0,6.216
1304899200,82.48,92.93,78.81,0.89,1008.3,4.61,281.0,0.44,1.0,6.216
1304985600,82.48,91.01,76.99,0.84,1009.7,11.51,230.0,0.44,1.0,6.216
1305072000,82.48,92.93,78.81,0.89,1008.2,5.74,210.0,0.44,1.0,6.216
1305158400,82.48,89.61,75.19,0.79,1008.2,6.91,210.0,0.44,1.0,6.216
1305244800,80.65,89.44,78.81,0.9400000000000001,1008.4,4.61,180.0,0.44,1.0,6.216
1305331200,80.65,89.44,78.81,0.9400000000000001,1009.3,3.46,131.0,0.75,1.0,6.216
1305417600,78.88,82.55,75.19,0.89,1011.6,6.72,60.0,0.44,1.0,6.216
1305504000,78.88,82.95,76.99,0.9400000000000001,1012.7,4.61,71.0,0.19,1.0,6.216
1305590400,78.88,83.38,78.81,1.0,1011.8,3.46,30.0,0.44,1.0,1.244
1305676800,75.25,77.17,75.19,1.0,1010.9,9.21,71.0,0.75,1.0,4.974
1305763200,78.88,82.55,75.19,0.89,1010.7,3.46,41.0,0.19,1.0,3.73
1305849600,82.48,92.93,78.81,0.89,1009.4,4.48,,0.44,1.0,6.216
1305936000,80.65,89.44,78.81,0.9400000000000001,1008.7,4.61,210.0,0.44,1.0,6.216
1306022400,82.48,92.93,78.81,0.89,1008.4,4.61,221.0,0.44,1.0,6.216
1306108800,84.27,96.26,78.81,0.84,1007.8,5.74,221.0,0.19,1.0,6.216
1306195200,84.27,96.26,78.81,0.84,1007.4,4.61,230.0,0.44,1.0,6.216
1306281600,82.48,92.93,78.81,0.89,1007.5,6.91,230.0,0.75,1.0,6.216
1306368000,75.25,77.17,75.19,1.0,1008.9,6.91,131.0,0.75,1.0,4.974
1306454400,80.65,89.44,78.81,0.9400000000000001,1007.1,0.0,,0.75,1.0,4.974
1306540800,80.65,89.44,78.81,0.9400000000000001,1007.0,2.29,131.0,0.44,1.0,5.591
1306627200,75.25,77.17,75.19,1.0,1008.8,4.48,,0.75,1.0,4.346
1306713600,75.25,77.17,75.19,1.0,1010.0,4.61,60.0,0.75,1.0,6.216
1306800000,75.25,77.17,75.19,1.0,1009.0,2.29,50.0,0.75,1.0,3.108
1306886400,80.65,86.25,75.19,0.84,1007.3,6.72,,0.44,1.0,6.216
1306972800,80.65,87.67,76.99,0.89,1008.9,4.61,90.0,0.44,1.0,6.216
1307059200,82.48,91.01,76.99,0.84,1009.5,6.91,170.0,0.19,1.0,6.216
1307145600,82.48,95.14,80.58,0.9400000000000001,1008.4,3.46,120.0,0.19,1.0,5.591
1307232000,78.88,82.95,76.99,0.9400000000000001,1008.6,4.61,60.0,0.44,1.0,5.591
1307318400,78.88,82.55,75.19,0.89,1009.6,3.46,11.0,0.44,1.0,6.216
1307404800,77.06,79.15,76.99,1.0,1009.7,3.46,251.0,0.75,1.0,6.216
1307491200,82.48,88.38,73.39,0.74,1008.7,0.0,,0.44,1.0,6.216
1307577600,80.65,86.25,75.19,0.84,1006.5,4.48,,0.44,1.0,3.108
1307664000,80.65,89.44,78.81,0.9400000000000001,1007.7,9.21,230.0,0.75,1.0,6.216
1307750400,78.88,81.84,71.61,0.78,1007.7,6.91,251.0,0.75,1.0,6.216
1307836800,78.88,82.18,73.39,0.8300000000000001,1009.0,9.21,230.0,0.75,1.0,6.216
1307923200,77.06,78.62,73.39,0.88,1008.9,3.46,50.0,0.75,1.0,6.216
1308009600,75.25,76.89,73.39,0.9400000000000001,1009.5,3.46,60.0,0.75,1.0,6.216
1308096000,77.06,78.62,73.39,0.88,1009.0,2.29,290.0,0.75,1.0,4.346
1308182400,80.65,87.67,76.99,0.89,1008.7,6.91,230.0,0.44,1.0,6.216
1308268800,78.88,82.95,76.99,0.9400000000000001,1007.1,3.46,251.0,0.75,1.0,6.216
1308355200,75.25,77.17,75.19,1.0,1007.0,2.29,251.0,0.75,1.0,6.216
1308441600,75.25,76.89,73.39,0.9400000000000001,1006.1,12.67,230.0,0.75,1.0,6.216
1308528000,78.88,82.18,73.39,0.8300000000000001,1006.8,8.05,221.0,0.75,1.0,6.216
1308614400,80.65,87.67,76.99,0.89,,10.35,221.0,0.75,1.0,6.216
1308700800,80.65,87.67,76.99,0.89,1005.9,9.21,210.0,0.44,1.0,6.216
1308787200,78.88,82.55,75.19,0.89,1004.3,13.82,230.0,0.75,1.0,6.216
1308873600,80.65,87.67,76.99,0.89,1003.7,10.35,221.0,0.75,1.0,6.216
1308960000,78.88,82.55,75.19,0.89,1006.0,11.51,200.0,0.44,1.0,6.216
1309046400,80.65,86.25,75.19,0.84,1008.2,3.46,210.0,0.75,1.0,6.216
1309132800,80.65,89.44,78.81,0.9400000000000001,1008.9,6.91,221.0,0.44,1.0,4.974
1309219200,80.65,87.67,76.99,0.89,1008.1,8.05,221.0,0.19,1.0,4.974
1309305600,80.65,87.67,76.99,0.89,1008.6,8.05,200.0,0.75,1.0,6.216
1309392000,75.25,76.89,73.39,0.9400000000000001,1008.8,12.67,230.0,0.75,1.0,4.974
1309478400,75.25,77.17,75.19,1.0,1009.9,1.16,41.0,0.75,1.0,1.4889999999999999
1309564800,75.25,77.17,75.19,1.0,1009.6,2.29,11.0,0.19,1.0,3.108
1309651200,80.65,87.67,76.99,0.89,1009.4,3.46,270.0,0.44,1.0,6.216
1309737600,75.25,77.17,75.19,1.0,1009.7,5.74,11.0,0.44,1.0,1.862
1309824000,75.25,76.89,73.39,0.9400000000000001,1010.0,4.61,30.0,0.75,1.0,3.73
1309910400,73.45,75.18,73.39,1.0,1008.4,6.91,41.0,0.75,1.0,3.73
1309996800,80.65,89.44,78.81,0.9400000000000001,1008.2,3.46,221.0,0.44,1.0,3.73
1310083200,78.88,82.95,76.99,0.9400000000000001,1009.1,4.48,,0.75,1.0,4.974
1310169600,80.65,86.25,75.19,0.84,1007.8,10.35,221.0,0.19,1.0,6.216
1310256000,80.65,86.25,75.19,0.84,1006.4,6.91,200.0,0.19,1.0,6.216
1310342400,78.88,82.55,75.19,0.89,1005.7,2.24,,0.75,1.0,6.216
1310428800,80.65,86.25,75.19,0.84,1006.0,6.91,210.0,0.44,1.0,6.216
1310515200,78.88,82.95,76.99,0.9400000000000001,1006.6,4.61,161.0,0.44,1.0,4.974
1310601600,78.88,82.95,76.99,0.9400000000000001,1007.2,6.91,200.0,0.75,1.0,6.216
1310688000,77.06,78.62,73.39,0.88,1007.9,3.46,251.0,0.75,1.0,6.216
1310774400,80.65,86.25,75.19,0.84,1008.4,8.05,210.0,0.19,1.0,6.216
1310860800,80.65,85.4,73.39,0.79,1008.0,8.05,221.0,0.44,1.0,6.216
1310947200,78.88,82.95,76.99,0.9400000000000001,1008.5,10.35,230.0,0.44,1.0,6.216
1311033600,80.65,87.67,76.99,0.89,1007.3,9.21,210.0,0.44,1.0,6.216
1311120000,80.65,87.67,76.99,0.89,1008.8,10.35,210.0,0.44,1.0,6.216
1311206400,80.65,87.67,76.99,0.89,1009.1,4.61,251.0,0.19,1.0,6.216
1311292800,77.06,78.88,75.19,0.9400000000000001,1008.8,4.61,320.0,0.75,1.0,6.216
1311379200,80.65,85.4,73.39,0.79,1007.5,1.16,270.0,0.44,1.0,6.216
1311465600,75.25,77.17,75.19,1.0,1006.7,9.21,221.0,0.75,1.0,3.73
1311552000,75.25,77.17,75.19,1.0,1009.0,2.29,320.0,0.75,1.0,2.488
1311638400,77.06,78.88,75.19,0.9400000000000001,1009.2,3.46,311.0,0.75,1.0,6.216
1311724800,77.06,79.15,76.99,1.0,1007.8,6.91,240.0,0.75,1.0,4.346
1311811200,75.25,77.17,75.19,1.0,1006.4,1.16,251.0,0.44,1.0,5.591
1311897600,77.06,78.88,75.19,0.9400000000000001,1005.7,8.05,240.0,0.75,1.0,6.216
1311984000,75.25,77.17,75.19,1.0,1005.8,11.51,240.0,0.75,1.0,6.216
1312070400,77.06,78.88,75.19,0.9400000000000001,1006.6,9.21,221.0,0.75,1.0,4.974
1312156800,75.25,77.17,75.19,1.0,1007.2,1.16,311.0,0.75,1.0,3.108
1312243200,78.88,82.55,75.19,0.89,1009.0,3.46,80.0,0.75,1.0,4.346
1312329600,78.88,83.38,78.81,1.0,1010.3,2.29,50.0,0.19,1.0,1.244
1312416000,80.65,89.44,78.81,0.9400000000000001,1008.9,3.46,240.0,0.19,1.0,2.609
1312502400,80.65,87.67,76.99,0.89,1006.8,8.05,240.0,0.44,1.0,6.216
1312588800,78.88,83.38,78.81,1.0,1006.4,8.05,240.0,0.44,1.0,6.216
1312675200,80.65,89.44,78.81,0.9400000000000001,1006.6,12.67,210.0,0.75,1.0,6.216
1312761600,78.88,83.38,78.81,1.0,1008.7,0.0,,0.75,1.0,6.216
1312848000,80.65,89.44,78.81,0.9400000000000001,1008.7,6.91,240.0,0.44,1.0,6.216
1312934400,80.65,87.67,76.99,0.89,1008.7,11.51,221.0,0.44,1.0,6.216
1313020800,78.88,82.55,75.19,0.89,1009.2,9.21,230.0,0.75,1.0,6.216
1313107200,80.65,87.67,76.99,0.89,1008.0,6.91,251.0,0.19,1.0,6.216
1313193600,80.65,86.25,75.19,0.84,1007.1,2.29,260.0,0.44,1.0,6.216
1313280000,75.25,77.17,75.19,1.0,1008.7,2.29,71.0,0.44,1.0,2.175
1313366400,77.06,78.88,75.19,0.9400000000000001,1010.0,4.48,,0.75,1.0,6.216
1313452800,75.25,77.17,75.19,1.0,1010.1,2.29,50.0,0.44,1.0,1.5550000000000002
1313539200,78.88,83.38,78.81,1.0,1009.7,4.61,240.0,0.44,1.0,6.216
1313625600,78.88,82.95,76.99,0.9400000000000001,1009.9,4.61,251.0,0.44,1.0,4.974
1313712000,77.06,78.62,73.39,0.88,1009.4,3.46,20.0,0.75,1.0,5.591
1313798400,77.06,78.88,75.19,0.9400000000000001,1009.8,2.29,290.0,0.75,1.0,4.974
1313884800,78.88,82.95,76.99,0.9400000000000001,1010.3,2.29,330.0,0.75,1.0,3.73
1313971200,77.06,79.15,76.99,1.0,1008.8,5.74,20.0,0.75,1.0,2.7960000000000003
1314057600,77.06,78.88,75.19,0.9400000000000001,1008.0,0.0,,0.44,1.0,5.591
1314144000,75.25,77.17,75.19,1.0,1007.1,0.0,,0.75,1.0,3.108
1314230400,78.88,82.55,75.19,0.89,1007.0,3.46,80.0,0.75,1.0,4.974
1314316800,77.06,78.88,75.19,0.9400000000000001,1006.1,5.74,191.0,0.75,1.0,6.216
1314403200,78.88,82.55,75.19,0.89,1006.0,2.29,240.0,0.44,1.0,6.216
1314489600,78.88,82.55,75.19,0.89,1006.9,8.05,221.0,0.75,1.0,6.216
1314576000,78.88,82.55,75.19,0.89,1008.8,5.74,180.0,0.44,1.0,6.216
1314662400,78.88,82.55,75.19,0.89,1009.6,5.74,221.0,0.75,1.0,6.216
1314748800,78.88,83.38,78.81,1.0,1008.7,9.21,230.0,0.44,1.0,6.216
1314835200,78.88,82.95,76.99,0.9400000000000001,1008.2,5.74,251.0,0.75,1.0,6.216
1314921600,77.06,79.15,76.99,1.0,1008.4,6.91,230.0,0.44,1.0,6.216
1315008000,80.65,89.44,78.81,0.9400000000000001,1008.6,6.91,200.0,0.44,1.0,6.216
1315094400,80.65,86.25,75.19,0.84,,6.91,221.0,0.19,1.0,6.216
1315180800,80.65,86.25,75.19,0.84,1009.7,10.35,210.0,0.44,1.0,6.216
1315267200,80.65,87.67,76.99,0.89,1010.0,6.91,230.0,0.44,1.0,6.216
1315353600,80.65,87.67,76.99,0.89,1009.3,0.0,,0.44,1.0,6.216
1315440000,80.65,89.44,78.81,0.9400000000000001,1008.0,6.91,251.0,0.75,1.0,6.216
1315526400,78.88,83.38,78.81,1.0,1008.4,6.91,210.0,0.75,1.0,6.216
1315612800,77.06,78.88,75.19,0.9400000000000001,1006.9,10.35,210.0,0.75,1.0,6.216
1315699200,75.25,77.17,75.19,1.0,1006.6,5.74,170.0,0.75,1.0,6.216
1315785600,77.06,79.15,76.99,1.0,1008.9,4.61,110.0,0.75,1.0,4.974
1315872000,78.88,82.95,76.99,0.9400000000000001,1009.4,2.29,50.0,0.44,1.0,2.67
1315958400,80.65,89.44,78.81,0.9400000000000001,1009.6,4.61,240.0,0.44,1.0,6.216
1316044800,78.88,82.95,76.99,0.9400000000000001,1009.3,4.61,240.0,0.75,1.0,6.216
1316131200,78.88,82.18,73.39,0.8300000000000001,1008.3,4.61,11.0,0.44,1.0,6.216
1316217600,78.88,83.38,78.81,1.0,1006.8,5.74,230.0,0.44,1.0,6.216
1316304000,82.48,92.93,78.81,0.89,1007.9,5.74,221.0,0.44,1.0,6.216
1316390400,80.65,89.44,78.81,0.9400000000000001,1008.3,11.51,210.0,0.44,1.0,6.216
1316476800,78.88,82.55,75.19,0.89,1010.4,6.91,221.0,0.75,1.0,6.216
1316563200,77.06,78.88,75.19,0.9400000000000001,1009.4,2.29,0.0,0.75,1.0,6.216
1316649600,75.25,76.89,73.39,0.9400000000000001,1009.1,5.74,260.0,0.75,1.0,6.216
1316736000,75.25,77.17,75.19,1.0,1008.5,10.35,221.0,0.75,1.0,3.73
1316822400,75.25,77.17,75.19,1.0,1009.4,4.61,311.0,1.0,1.0,4.346
1316908800,78.88,82.55,75.19,0.89,1008.7,2.29,311.0,0.75,1.0,6.216
1316995200,77.06,79.15,76.99,1.0,1007.2,6.91,240.0,0.44,1.0,4.974
1317081600,75.25,77.17,75.19,1.0,1005.5,3.46,311.0,0.75,1.0,2.422
1317168000,75.25,77.17,75.19,1.0,,6.91,230.0,0.75,1.0,6.216
1317254400,78.88,82.95,76.99,0.9400000000000001,1007.2,4.61,240.0,0.75,1.0,6.216
1317340800,78.88,83.38,78.81,1.0,1008.3,9.21,200.0,0.75,1.0,6.216
1317427200,78.88,83.38,78.81,1.0,1009.1,6.91,191.0,0.44,1.0,6.216
1317513600,78.88,83.38,78.81,1.0,1007.7,0.0,,0.44,1.0,6.216
1317600000,80.65,89.44,78.81,0.9400000000000001,1006.9,5.74,230.0,0.75,1.0,6.216
1317686400,77.06,79.15,76.99,1.0,1007.9,4.61,200.0,0.75,1.0,2.488
1317772800,77.06,79.15,76.99,1.0,1009.4,3.46,251.0,0.75,1.0,3.73
1317859200,77.06,79.15,76.99,1.0,1010.4,2.29,50.0,0.75,1.0,3.108
1317945600,78.88,83.38,78.81,1.0,1010.7,2.29,0.0,0.44,1.0,4.346
1318032000,77.06,78.88,75.19,0.9400000000000001,1010.5,4.61,251.0,0.44,1.0,6.216
1318118400,77.06,79.15,76.99,1.0,1009.4,3.46,41.0,0.44,1.0,4.974
1318204800,75.25,77.17,75.19,1.0,1010.2,2.29,41.0,0.75,1.0,2.7960000000000003
1318291200,78.88,83.38,78.81,1.0,1010.6,2.29,0.0,0.44,1.0,5.591
1318377600,78.88,82.95,76.99,0.9400000000000001,1010.6,2.29,110.0,0.44,1.0,4.974
1318464000,78.88,83.38,78.81,1.0,1010.6,3.46,180.0,0.75,1.0,6.216
1318550400,78.88,82.95,76.99,0.9400000000000001,1009.9,4.61,210.0,0.44,1.0,3.73
1318636800,77.06,79.15,76.99,1.0,1010.0,2.29,0.0,0.44,1.0,3.108
1318723200,78.88,82.55,75.19,0.89,1009.9,2.29,71.0,0.44,1.0,6.216
1318809600,78.88,83.38,78.81,1.0,1011.0,2.29,0.0,0.75,1.0,6.216
1318896000,77.06,79.15,76.99,1.0,1011.2,4.61,0.0,0.44,1.0,6.216
1318982400,75.25,77.17,75.19,1.0,1008.7,5.74,0.0,0.44,1.0,3.108
1319068800,75.25,77.17,75.19,1.0,1010.2,5.74,0.0,0.44,1.0,4.974
1319155200,77.06,79.15,76.99,1.0,1010.2,3.46,41.0,0.19,1.0,3.73
1319241600,78.88,82.95,76.99,0.9400000000000001,1009.4,4.61,30.0,0.44,1.0,3.73
1319328000,77.06,78.88,75.19,0.9400000000000001,1009.7,3.46,350.0,0.44,1.0,3.108
1319414400,75.25,77.17,75.19,1.0,1009.9,4.61,50.0,0.44,1.0,6.216
1319500800,78.88,82.95,76.99,0.9400000000000001,1009.5,0.0,,0.19,1.0,4.974
1319587200,77.06,78.88,75.19,0.9400000000000001,1009.2,1.16,0.0,0.44,1.0,2.237
1319673600,77.06,79.15,76.99,1.0,1010.0,3.46,0.0,0.44,1.0,3.73
1319760000,77.06,78.88,75.19,0.9400000000000001,1010.0,6.91,11.0,0.44,1.0,6.216
1319846400,77.06,78.88,75.19,0.9400000000000001,1009.6,3.46,20.0,0.44,1.0,4.974
1319932800,75.25,76.89,73.39,0.9400000000000001,1008.3,2.29,11.0,0.44,1.0,6.216
1320019200,77.06,78.88,75.19,0.9400000000000001,1008.4,3.46,60.0,0.19,1.0,4.974
1320105600,75.25,77.17,75.19,1.0,1008.9,1.16,30.0,0.44,1.0,1.429
1320192000,77.06,78.88,75.19,0.9400000000000001,1008.4,2.29,11.0,0.19,1.0,4.974
1320278400,78.88,82.55,75.19,0.89,1008.1,3.46,350.0,0.75,1.0,6.216
1320364800,75.25,77.17,75.19,1.0,1008.4,4.61,350.0,0.19,1.0,6.216
1320451200,78.88,82.95,76.99,0.9400000000000001,1008.0,6.91,320.0,0.44,1.0,6.216
1320537600,73.45,75.18,73.39,1.0,1007.5,3.46,341.0,0.75,1.0,6.216
1320624000,73.45,75.18,73.39,1.0,1006.8,4.61,330.0,0.75,1.0,4.974
1320710400,75.25,77.17,75.19,1.0,1007.2,1.16,281.0,0.75,1.0,3.108
1320796800,78.88,83.38,78.81,1.0,1008.7,0.0,,0.75,1.0,1.862
1320883200,75.25,77.17,75.19,1.0,1009.7,3.46,20.0,0.75,1.0,3.73
1320969600,77.06,79.15,76.99,1.0,1011.6,6.91,71.0,0.44,1.0,4.974
1321056000,73.45,75.18,73.39,1.0,1012.5,4.61,71.0,0.44,1.0,2.609
1321142400,75.25,77.17,75.19,1.0,1012.1,3.46,50.0,0.44,1.0,0.931
1321228800,77.06,78.88,75.19,0.9400000000000001,1011.6,0.0,,0.19,1.0,4.346
1321315200,73.45,75.18,73.39,1.0,1012.4,4.61,60.0,0.19,1.0,6.216
1321401600,75.25,77.17,75.19,1.0,1009.4,3.46,20.0,0.19,1.0,4.974
1321488000,78.88,82.55,75.19,0.89,1009.5,0.0,,0.44,0.0,6.216
1321574400,78.88,82.95,76.99,0.9400000000000001,1008.7,3.46,131.0,0.44,0.0,6.216
1321660800,75.25,77.17,75.19,1.0,1010.6,3.46,20.0,0.44,0.0,1.244
1321747200,75.25,76.89,73.39,0.9400000000000001,1011.8,5.74,80.0,0.44,0.0,3.73
1321833600,75.25,76.64,71.61,0.88,1011.5,3.46,20.0,0.75,0.0,3.73
1321920000,77.06,78.62,73.39,0.88,1009.5,3.46,50.0,0.44,0.0,6.216
1322006400,78.88,81.84,71.61,0.78,1010.5,3.46,11.0,0.19,0.0,6.216
1322092800,75.25,76.39,69.81,0.8300000000000001,1010.4,6.91,350.0,0.44,0.0,6.216
1322179200,75.25,76.64,71.61,0.88,1010.0,2.29,341.0,0.75,0.0,6.216
1322265600,75.25,77.17,75.19,1.0,1009.0,2.29,0.0,0.19,0.0,4.974
1322352000,77.06,79.15,76.99,1.0,1008.8,4.61,320.0,0.44,0.0,4.974
1322438400,77.06,78.88,75.19,0.9400000000000001,1007.8,2.29,11.0,0.19,0.0,5.591
1322524800,75.25,77.17,75.19,1.0,1009.3,3.46,341.0,0.44,0.0,1.8010000000000002
1322611200,75.25,77.17,75.19,1.0,1009.6,3.46,60.0,0.44,0.0,1.5550000000000002
1322697600,75.25,77.17,75.19,1.0,1009.3,3.46,350.0,0.44,0.0,0.621
1322784000,73.45,74.65,69.81,0.88,1009.7,6.91,0.0,0.19,0.0,6.216
1322870400,71.67,73.23,71.61,1.0,1008.8,3.46,11.0,0.44,0.0,2.609
1322956800,73.45,75.18,73.39,1.0,1010.5,2.29,30.0,0.44,0.0,1.862
1323043200,69.87,71.25,69.81,1.0,1010.7,2.29,330.0,0.44,0.0,2.364
1323129600,73.45,74.65,69.81,0.88,1010.0,5.74,0.0,0.75,0.0,6.216
1323216000,78.88,83.38,78.81,1.0,1009.7,4.61,30.0,0.75,0.0,2.422
1323302400,75.25,77.17,75.19,1.0,1009.3,2.29,20.0,0.75,0.0,2.982
1323388800,73.45,75.18,73.39,1.0,1010.4,3.46,0.0,0.75,0.0,6.216
1323475200,71.67,72.69,68.0,0.88,1010.0,4.61,341.0,0.44,0.0,6.216
1323561600,73.45,73.53,60.8,0.65,1011.6,8.05,30.0,0.75,0.0,6.216
1323648000,68.06,68.46,62.59,0.8300000000000001,1011.8,6.91,0.0,0.19,0.0,6.216
1323734400,71.67,72.2,64.4,0.78,1011.2,5.74,350.0,0.75,0.0,6.216
1323820800,71.67,72.95,69.81,0.9400000000000001,1010.5,5.74,330.0,0.75,0.0,6.216
1323907200,73.45,75.18,73.39,1.0,1010.4,3.46,341.0,0.44,0.0,6.216
1323993600,73.45,75.18,73.39,1.0,1010.2,3.46,41.0,0.19,0.0,2.048
1324080000,73.45,74.65,69.81,0.88,1011.0,3.46,0.0,0.19,0.0,6.216
1324166400,71.67,72.44,66.21,0.8300000000000001,1010.8,5.74,20.0,0.44,0.0,6.216
1324252800,71.67,72.44,66.21,0.8300000000000001,1010.5,6.91,341.0,0.19,0.0,6.216
1324339200,71.67,72.44,66.21,0.8300000000000001,1009.8,6.91,330.0,0.75,0.0,6.216
1324425600,73.45,74.91,71.61,0.9400000000000001,1009.6,4.61,350.0,0.75,0.0,6.216
1324512000,75.25,77.17,75.19,1.0,1009.9,0.0,,0.44,0.0,1.862
1324598400,75.25,76.64,71.61,0.88,1009.6,4.61,30.0,0.44,0.0,6.216
1324684800,73.45,74.16,66.21,0.78,1010.3,6.91,20.0,0.75,0.0,6.216
1324771200,66.27,66.48,60.8,0.8300000000000001,1012.5,5.74,0.0,0.44,0.0,3.73
1324857600,66.27,66.48,60.8,0.8300000000000001,1013.5,5.74,350.0,0.44,0.0,5.591
1324944000,71.67,72.95,69.81,0.9400000000000001,1012.0,4.61,0.0,0.75,0.0,5.591
1325030400,73.45,75.18,73.39,1.0,1013.7,4.61,11.0,0.75,0.0,3.108
1325116800,71.67,72.44,66.21,0.8300000000000001,1012.8,2.29,11.0,0.44,0.0,6.216
1325203200,73.45,74.65,69.81,0.88,1012.4,4.61,0.0,0.44,0.0,6.216
1325289600,73.45,74.91,71.61,0.9400000000000001,1013.1,4.61,11.0,0.75,0.0,6.216
